{
  "accuracy": 0.9649122807017544,
  "precision": 0.958904109589041,
  "recall": 0.9859154929577465,
  "f1_score": 0.9722222222222222,
  "roc_auc": 0.9950867998689813,
  "log_loss": 0.09801727711891771
}